wrld_b526c3e0-7c32-4774-931e-5dcbdd125794	1	0	ShaderFes	ShaderFes 2021	Explored
wrld_551c30cb-0e56-4c69-9176-10e259a89e2a	1	0	1001	Treehouse in the Shade	Unexplored
wrld_ce3d5b50-b247-4442-9078-758ca0127bce	1	0	Thad Gyther	Thad Recursive Room	Explored
wrld_47948cbd-b114-4360-b50d-0a3ccaa442d9	1	0	orels1	Lighthouse in the Snow	Explored
wrld_af77ea79-f05f-4081-803d-38ca4f75216a	1	0	BigChickenLover	FireTornado	Unexplored
wrld_0e5da807-4ced-4017-a25c-1b2f39ecd097	1	0	iffn	UdonSharp Tutorial	Explored
wrld_a1a1bae9-0003-429c-a5eb-ded571193b82	1	0	50chiffon	Break the Car	Explored
wrld_bb922faf-ade3-4b6a-a22e-545de8176c80	1	0	FictionalCat	Flying Windows98	Unexplored
wrld_02f9b2de-f61d-4e7c-9b39-7f86ea436f72	1	0	Thad Gyther	Thad Mandelbox	Explored
wrld_f612c90d-1a12-4355-8683-215c3a34c8ed	1	0	Thad Gyther	Thad Magic Mirrors - マジカル鏡	Unexplored
wrld_980b1df2-4aae-44a7-af12-b5834c3ab906	1	0	Hayase Asakura	Structure X-2․12․1․3․11․8․15․12․4․	Unexplored
wrld_9b3c5020-071d-405c-a753-1ff4a8c416ee	1	0	Poof	Poof Shaders	Unexplored
wrld_17dab758-b67d-4402-9449-170d76cdc098	1	0	emymin	Shadow Factory	Unexplored
wrld_7e5a6323-e742-4cd8-8ef0-a26883bb6087	1	0	Megumin_HK	Σακυrαβυrέτ	Unexplored
wrld_ca0689e4-1be4-4cf8-b562-469660b1a4d0	1	0	Kittenji	Lightless	Unexplored
wrld_9fed48c5-1d44-438f-8df5-1c33e46535a5	1	0	龍 lilea	Point Cloud Geidai - YOZAKURA-	Unexplored
wrld_c0339c2b-7921-4d66-ba54-2c18839dee76	1	0	Little Yui	Long Lost Tree	Unexplored
wrld_3a6be768-6025-4123-a98e-1cc4fccbfc42	1	0	suzuki_i	Eccentric Mirrors	Explored
wrld_2c71614b-76bb-4fcb-83d6-059bf47f5326	1	0	TontonDemon	Matrix...	Unexplored
wrld_c6b4cd2d-1ee8-4804-965a-46d5da14378d	1	0	Kakulity	Circles	Unexplored
wrld_9d8c44b5-201d-4c0c-af59-455b3cbe705f	1	0	Len2	Cosmic JellyFish	Unexplored
wrld_e21275df-de21-4eca-b7aa-f7710cc50278	1	0	QuarT0niX	Suspended in Time	Unexplored
wrld_7639c290-11db-451d-9935-fd553d092312	1	0	403tshr	_mtrx⁄⁄n1e79fb6fa864	Unexplored
wrld_8a2dd34c-2f37-4497-a2c9-02275b797e52	1	0	-JackSea-	Blossom Rainfall	Unexplored
wrld_bff9ded4-af0a-4783-8d24-e0df9625bd79	1	0	Axiomus	Chromatic Frequency	Unexplored
wrld_03767856-5688-4121-a024-3e072932db05	1	0	Ten.exe	Aluminum	Unexplored
