wrld_31a96742-b161-4f76-96c5-5105b64ff0f7	1	0	M E R C	ADRIFT	Explored
wrld_fc3102d4-9793-493e-a0f0-28bc30bf32f2	1	0	Artist3d	Where Spheres Touch II	Explored
wrld_2d140e72-69b9-428d-b07c-cc2df14f219e	1	0	SOUKIさんだよ。	ARCHIVIST	Explored
wrld_4a566ff8-2445-46d0-bcf1-87a479af9b33	1	0	Octuplex	Suguru Tanaka's Tall Room	Explored
wrld_80aa6dac-48b6-46b3-8a45-9870901259a4	1	0	Siromori	Ship in Clouds	Explored
wrld_03ca2cf0-d7cb-46b7-b725-fdac5d8e1ced	1	0	EstyOctober	Mirrored Flowers - 鏡に咲く花	Explored
wrld_92b97903-49f6-478c-9099-8858643e7a02	1	0	knfoxl	Refusave	Explored
wrld_ad12ab9a-6cf1-42af-b9aa-b6fd4973e290	1	0	knfoxl	Richocheive	Explored
wrld_6325c346-2ea9-4bc5-8d65-59cd7e700d06	1	0	Octuplex	Terra Cotta Valley	Explored
wrld_de53549a-20cf-4c6f-abea-dcda197e1e16	1	0	DrMorro	ORGANISM	Explored
wrld_a7a1aed7-f025-4b8e-83af-a8dc8355209f	1	0	F I J I W A T E R	Liminal Spaces	Explored
